timestamp,omega_to_spin,absolute_theta,calc_omega,gyroZ
1777450797.7015533,0,0.0,0.0,-2.2439374816349094e-05
1777450797.7084894,0,0.0,0.0,-2.2439374816349094e-05
1777450797.733726,0,0.0,0.0,-2.2439374816349094e-05
1777450797.758722,0,0.0,0.0,-2.2439374816349094e-05
1777450797.7836983,0,0.0,0.0,-4.3367289152840526e-05
1777450797.8086925,0,0.0,0.0,7.78983478080518e-06
1777450797.8337538,0,0.0,0.0,-1.5463403370851922e-05
1777450797.8587456,0,0.0,0.0,0.00019149041617889663
1777450797.883734,0,0.0,0.0,0.00019149041617889663
1777450797.9088085,0,0.03102807559101031,1.2381309431332297,0.00019149041617889663
1777450797.9337995,0,0.015514037795505154,-0.6204112275758555,-0.0020594230369015143
1777450797.9588795,0,-5.204170427930421e-18,-0.6186769995515985,-0.0017292270551479837
1777450797.986285,0,0.015514037795505154,0.566033027269187,-0.0017292270551479837
1777450798.0087342,0,-0.031028075591010312,-2.0737207056335025,-0.00045727492825233765
1777450798.0337477,0,-0.031028075591010312,0.0,-0.00045727492825233765
1777450798.0587404,0,-0.015514037795505165,0.6208433430191626,-0.0012339330825176863
1777450798.0874522,0,-0.015514037795505165,0.0,-0.0013455486256456406
1777450798.108702,0,-0.015514037795505165,0.0,-0.0013455486256456406
1777450798.1337445,0,0.062056151182020604,3.0980389635131953,-0.0032058076777782118
1777450798.15875,0,-0.015514037795505163,-3.1022336061213824,-0.003398809554436967
1777450798.1875358,0,-0.015514037795505163,0.0,-0.002670983200290098
1777450798.2140055,0,-0.046542113386515496,-1.171493217784472,-0.002670983200290098
1777450798.234302,0,-0.046542113386515496,0.0,-0.002670983200290098
1777450798.2625494,0,-0.062056151182020666,-0.5492625985011989,-0.0003991418328731949
1777450798.2838452,0,-0.062056151182020666,0.0,0.002847010213098143
1777450798.312731,0,-0.015514037795505198,1.61120323166678,0.002847010213098143
1777450798.3424087,0,0.07757018897752574,3.136511521735186,-0.004670761681332612
1777450798.3692505,0,-0.15514037795505156,-8.664910663833963,-0.004998632339270978
1777450798.3869817,0,-0.062056151182020625,5.251016041142548,-0.004998632339270978
1777450798.408751,0,-0.031028075591010305,1.426142213641889,-0.0026361033430626116
1777450798.433697,0,0.07757018897752577,4.352048837905535,-0.0026361033430626116
1777450798.458748,0,-0.062056151182020625,-5.574506139930571,-0.0026361033430626116
1777450798.484122,0,-0.062056151182020625,0.0,-0.002531463771380155
1777450798.5085852,0,0.06205615118202061,5.070913101441768,-0.006398477276000738
1777450798.5337417,0,-0.15514037795505153,-8.636024068802206,-0.006398477276000738
1777450798.56361,0,-0.0620561511820206,3.1250633915060932,-0.0015641290642712177
1777450798.5947497,0,-0.046542113386515455,0.4968396397761179,-0.0015641290642712177
1777450798.6087215,0,0.031028075591010312,5.554847175380175,-0.0015641290642712177
1777450798.6337576,0,0.031028075591010312,0.0,-0.0015641290642712177
1777450798.6655452,0,0.031028075591010312,0.0,-0.0009316409865461434
1777450798.6838307,0,0.015514037795505156,-0.8482563228459864,-0.004233600804081457
1777450798.7087777,0,-0.09308422677303092,-4.353255048339139,-0.003542979630977241
1777450798.7337883,0,1.3877787807814457e-17,3.7225738433546027,-0.003542979630977241
1777450798.7614188,0,1.3877787807814457e-17,0.0,-0.003542979630977241
1777450798.7982662,0,-0.062056151182020576,-1.6840106050514274,-0.004719593481451093
1777450798.8167052,0,-0.17065441575055665,-5.933849241458914,-0.004719593481451093
1777450798.83376,0,-0.06205615118202057,6.3156059936339695,-0.0067705290864272525
1777450798.858722,0,-0.07757018897752571,-0.621685622939565,-0.0067705290864272525
1777450798.8837554,0,-0.07757018897752571,0.0,-0.009498133921616636
1777450798.9087086,0,-0.07757018897752571,0.0,-0.009498133921616636
1777450798.933699,0,-0.2171965291370721,-5.58663064292504,-0.0077843702698395046
1777450798.9599078,0,-0.10859826456853602,4.1446613297015364,-0.005189308892114566
1777450798.9837344,0,-0.12411230236404117,-0.6512008204419197,-0.005189308892114566
1777450799.0110075,0,-0.2482246047280824,-4.550033006622797,-0.005189308892114566
1777450799.03938,0,-0.21719652913707208,1.096636821885997,-0.004728894776711755
1777450799.0587401,0,-0.21719652913707208,0.0,-0.0032662660969725206
1777450799.0851266,0,-0.310280755910103,-3.5284549904295592,-0.004893992767588521
1777450799.1086595,0,-0.23271056693257725,3.2945466448199303,-0.004893992767588521
1777450799.1338327,0,-0.23271056693257725,0.0,-0.00666821483855996
1777450799.1635737,0,-0.23271056693257725,0.0,-0.007461150259531471
1777450799.1858723,0,-0.23271056693257725,0.0,-0.007461150259531471
1777450799.2118044,0,-0.23271056693257725,0.0,-0.008747054329318112
1777450799.236255,0,-0.23271056693257725,0.0,-0.008747054329318112
1777450799.259654,0,-0.23271056693257725,0.0,-0.009802751341403345
1777450799.2838507,0,-0.2482246047280824,-0.64098852182748,-0.009802751341403345
1777450799.308721,0,-0.1396263401595463,4.366735073078988,-0.009635328026711413
1777450799.3339562,0,-0.1396263401595463,0.0,-0.009635328026711413
1777450799.3597527,0,-0.21719652913707208,-3.0069866995923458,-0.010114344732635552
1777450799.3837898,0,-0.23271056693257722,-0.6453303063663521,-0.00466146038607195
1777450799.4087012,0,-0.3413088315011133,-4.36046463213545,-0.00466146038607195
1777450799.434378,0,-0.24822460472808236,3.6251698702949984,-0.005042813491759127
1777450799.460409,0,-0.24822460472808236,0.0,-0.007163508811190258
1777450799.4837296,0,-0.2637386425235875,-0.665323055344298,-0.007163508811190258
1777450799.508714,0,-0.2792526803190926,-0.6208018812009348,-0.007163508811190258
1777450799.533731,0,-0.2792526803190926,0.0,-0.009047021101474487
1777450799.564406,0,-0.3102807559101029,-1.0115674066183986,-0.007596019040811081
1777450799.5873406,0,-0.3723369070921235,-2.710935748941318,-0.004361493613915572
1777450799.6087165,0,-0.3723369070921235,0.0,-0.004361493613915572
1777450799.6342285,0,-0.2637386425235875,4.257432006139653,-0.006358946771142921
1777450799.6661148,0,-0.20168249134156685,1.9460654598749423,-0.006358946771142921
1777450799.683875,0,-0.31028075591010296,-6.1166425239414135,-0.002684935143181092
1777450799.7087102,1.0,-0.31028075591010296,0.0,-0.005656698978962875
1777450799.7336893,1.0,-0.31028075591010296,0.0,-0.005656698978962875
1777450799.7588284,1.0,-0.4033649826831339,-3.705227668818088,-0.005656698978962875
1777450799.7843926,1.0,-0.21719652913707205,7.280218257086424,-0.0012711382635603378
1777450799.808788,1.0,-0.4343930582741442,-8.902107519941937,-0.0012711382635603378
1777450799.8337743,1.0,-0.34130883150111324,3.725486599849527,-0.0004828534902191606
1777450799.8596954,1.0,-0.34130883150111324,0.0,-0.005549734083465252
1777450799.8905635,1.0,-0.4964492094561648,-5.0258427136244475,-0.002515186504673995
1777450799.909106,1.0,-0.3568228692966184,7.527252731761987,0.001644817800657468
1777450799.9350548,1.0,-0.3878509448876287,-1.1960406356371374,0.001644817800657468
1777450799.959631,1.0,-0.3878509448876287,0.0,-0.001685045902659835
1777450799.9837291,1.0,-0.4809351716606597,-3.8624438049408476,-0.001685045902659835
1777450800.0087323,1.0,-0.4809351716606597,0.0,-0.001685045902659835
1777450800.0359263,1.0,-0.310280755910103,6.275493372730104,0.0011541744756575025
1777450800.0618598,1.0,-0.4188790204786391,-4.188413306294831,0.00475842638916436
1777450800.0842807,1.0,-0.403364982683134,0.6923729095128682,0.004981657475420269
1777450800.1087258,1.0,-0.29476671811459787,4.438562252468955,0.004981657475420269
1777450800.1337183,1.0,-0.29476671811459787,0.0,0.004981657475420269
1777450800.1587973,1.0,-0.29476671811459787,0.0,0.0034027626049227488
1777450800.1897724,1.0,-0.3413088315011133,-1.5019062930503726,0.0038887552822923824
1777450800.214248,1.0,-0.3413088315011133,0.0,0.0038887552822923824
1777450800.2341769,1.0,-0.3413088315011133,0.0,0.005925738944377548
1777450800.2703998,1.0,-0.32579479370560815,0.4281748663032558,0.005925738944377548
1777450800.283722,1.0,-0.32579479370560815,0.0,0.005925738944377548
1777450800.3087344,1.0,-0.29476671811459787,1.2409762712279664,0.006962833365941457
1777450800.3373365,1.0,-0.2792526803190927,0.542187149788263,0.006962833365941457
1777450800.3624866,1.0,-0.2637386425235876,0.6171162692813974,0.008732404789282566
1777450800.3837705,1.0,-0.35682286929661855,-4.372582789492891,0.008732404789282566
1777450800.4087598,1.0,-0.24822460472808247,4.34565462785137,0.010467096355396189
1777450800.433746,1.0,-0.24822460472808247,0.0,0.010467096355396189
1777450800.4590158,1.0,-0.24822460472808247,0.0,0.009002142351841788
1777450800.4837317,1.0,-0.3723369070921237,-5.021411668432295,0.008948659904092975
1777450800.5089054,1.0,-0.3413088315011134,1.2327477651196064,0.008948659904092975
1777450800.5361314,1.0,-0.21719652913707216,4.556803948342576,0.010199684116652131
1777450800.5603068,1.0,-0.21719652913707216,0.0,0.010199684116652131
1777450800.583716,1.0,-0.35682286929661855,-5.964367872537108,0.009969477058950725
1777450800.6094193,1.0,-0.35682286929661855,0.0,0.012911011685135353
1777450800.6337273,1.0,-0.24822460472808247,4.467950361196201,0.012911011685135353
1777450800.6629362,1.0,-0.2171965291370722,1.0625504699842983,0.010564759955633147
1777450800.684542,1.0,-0.2171965291370722,0.0,0.010564759955633147
1777450800.7087526,1.0,-0.12411230236404125,3.8435458578154025,0.008023181025657022
1777450800.7360425,1.0,-0.2792526803190928,-5.6841131729972965,0.01227852360741028
1777450800.7605777,1.0,-0.20168249134156702,3.163465671426413,0.01227852360741028
1777450800.7928257,1.0,-0.17065441575055673,0.9622126220956203,0.013576054296272748
1777450800.808751,1.0,-0.17065441575055673,0.0,0.012506405341296519
1777450800.8337207,1.0,-0.2482246047280825,-3.1059651355041216,0.012506405341296519
1777450800.8588457,1.0,-0.2482246047280825,0.0,0.012234342454922132
1777450800.8837028,1.0,-0.0775701889775258,6.865961617268326,0.012469200160253869
1777450800.9087572,1.0,-0.046542113386515496,1.2384962082572977,0.012469200160253869
1777450800.9338715,1.0,-0.13962634015954645,-3.7062125123741563,0.012469200160253869
1777450800.9610748,1.0,-0.031028075591010368,3.991361159068254,0.014043444383121056
1777450800.9841633,1.0,-0.10859826456853613,-3.3615009495928443,0.014043444383121056
1777450801.0128417,1.0,-0.23271056693257736,-4.325711108795828,0.00933233833359532
1777450801.0449533,1.0,-0.07757018897752582,4.830240936928957,0.00933233833359532
1777450801.0611176,1.0,-0.07757018897752582,0.0,0.013308642057528691
1777450801.0863984,1.0,0.031028075591010257,4.297357732257195,0.013308642057528691
1777450801.1087272,1.0,-0.06205615118202068,-4.168475082382536,0.013308642057528691
1777450801.1348922,1.0,-0.06205615118202068,0.0,0.011894845177907938
1777450801.1669846,1.0,-0.04654211338651551,0.48339368542060535,0.011894845177907938
1777450801.1839933,1.0,0.06205615118202057,6.390926808183707,0.011894845177907938
1777450801.2100701,1.0,-0.031028075591010368,-3.5686731140008114,0.012999373990111652
1777450801.2341757,1.0,-0.031028075591010368,0.0,0.012999373990111652
1777450801.2590218,1.0,-0.031028075591010368,0.0,0.012999373990111652
1777450801.2854102,1.0,0.07757018897752574,4.114671503819957,0.012273872959779948
1777450801.3123922,1.0,0.09308422677303088,0.5749148792825635,0.014210867697812988
1777450801.3337278,1.0,0.09308422677303088,0.0,0.015308420538571206
1777450801.3616858,1.0,0.10859826456853604,0.5547932506466003,0.015308420538571206
1777450801.383753,1.0,0.06205615118202057,-2.1073219878611256,0.015308420538571206
1777450801.4089334,1.0,0.06205615118202057,0.0,0.013652789982173216
1777450801.4337926,1.0,0.015514037795505108,-1.8727685212114253,0.017333777581580542
1777450801.460824,1.0,0.17065441575055665,5.737995536435407,0.017333777581580542
1777450801.49345,1.0,0.17065441575055665,0.0,0.015613037958357914
1777450801.5144908,1.0,0.23271056693257725,2.9478386691056637,0.015613037958357914
1777450801.536633,1.0,0.23271056693257725,0.0,0.01649201036049056
1777450801.5736318,1.0,0.09308422677303085,-3.772791394718321,0.01676174792304978
1777450801.5923696,1.0,0.35682286929661844,14.07576178970662,0.01676174792304978
1777450801.6087265,1.0,0.2637386425235875,-5.693463188541295,0.01676174792304978
1777450801.6361794,1.0,0.3723369070921235,3.955762073461481,0.017891855297220316
1777450801.6597412,1.0,0.24822460472808228,-5.277313175469958,0.017891855297220316
1777450801.6837158,1.0,0.34130883150111324,3.8755178595708872,0.01567582170136739
1777450801.713509,1.0,0.2792526803190926,-2.0824421599289047,0.01794766306878429
1777450801.737321,1.0,0.40336498268313387,5.211901544400357,0.017756986515940706
1777450801.7594783,1.0,0.3257947937056081,-3.502486262640402,0.017756986515940706
1777450801.784873,1.0,0.3878509448876287,2.4435299160464687,0.01726169254331041
1777450801.8106892,1.0,0.29476671811459776,-3.605385077810588,0.01726169254331041
1777450801.8337235,1.0,0.34130883150111324,2.0207002913433465,0.014843355775538062
1777450801.8591924,1.0,0.4654211338651545,4.873152095098505,0.017505851543902808
1777450801.8839083,1.0,0.3723369070921235,-3.766240398701871,0.017505851543902808
1777450801.910505,1.0,0.4033649826831338,1.1677719891934686,0.016952424475893367
1777450801.9337142,1.0,0.4033649826831338,0.0,0.016952424475893367
1777450801.9591045,1.0,0.3413088315011132,-2.444356029857853,0.01570372558714938
1777450801.983764,1.0,0.3878509448876286,1.8886039718808019,0.01828018437435299
1777450802.0097804,1.0,0.5119632472516699,4.768211536214737,0.016236224740822328
1777450802.0337672,1.0,0.4188790204786389,-3.88125839719889,0.016236224740822328
1777450802.058841,1.0,0.4188790204786389,0.0,0.016236224740822328
1777450802.083709,1.0,0.4188790204786389,0.0,0.017366332114992864
1777450802.1088707,1.0,0.4809351716606595,2.4656823774403085,0.016422250646035585
1777450802.139825,1.0,0.527477285047175,1.5034099806348693,0.016422250646035585
1777450802.162303,1.0,0.527477285047175,0.0,0.014945670023405353
1777450802.183725,1.0,0.5585053606381852,1.448265986686811,0.014945670023405353
1777450802.2087276,1.0,0.5585053606381852,0.0,0.017691877449116065
1777450802.2401683,1.0,0.48093517166065947,-2.465990737245272,0.01756863528691228
1777450802.266058,1.0,0.5585053606381852,2.99687699337895,0.01756863528691228
1777450802.2847426,1.0,0.46542113386515427,-4.984915216749413,0.016378069493547434
1777450802.3129134,1.0,0.5895334362291955,4.404436262107162,0.016089729340466888
1777450802.3338103,1.0,0.7136457385932368,5.940553084649005,0.016089729340466888
1777450802.3609457,1.0,0.5740193984336903,-5.146542085880783,0.015245636795561733
1777450802.3886466,1.0,0.5895334362291955,0.5597470174781803,0.015245636795561733
1777450802.4137716,1.0,0.7136457385932368,4.94100693130631,0.015245636795561733
1777450802.4344964,1.0,0.7601878519797522,2.2459044897607585,0.015245636795561733
1777450802.4601467,1.0,0.6671036252067213,-3.6299897233139395,0.016182742293073513
1777450802.4838386,1.0,0.6671036252067213,0.0,0.016182742293073513
1777450802.5094306,1.0,0.5585053606381852,-4.226303958885737,0.01514332254769444
1777450802.5338333,1.0,0.6205615118202059,2.5427138752623373,0.012448272245917378
1777450802.558722,1.0,0.7446738141842472,4.987876571438089,0.012448272245917378
1777450802.5838861,1.0,0.7912159275707626,1.849629739584762,0.011839037406343959
1777450802.6109796,1.0,0.7912159275707626,0.0,0.011839037406343959
1777450802.6354976,1.0,0.8067299653662678,0.6334692105980126,0.013976009992481251
1777450802.6587927,1.0,0.8377580409572781,1.3306052958272176,0.011246079833476702
1777450802.684638,1.0,0.9618703433213194,4.802567751189723,0.011246079833476702
1777450802.7087355,0,0.8532720787527833,-4.504134715141891,0.01375975487767084
1777450802.7337017,0,0.9618703433213194,4.350303097043754,0.01375975487767084
1777450802.758722,0,0.8377580409572781,-4.960310314397001,0.014527111736675525
1777450802.7928505,0,0.8377580409572781,0.0,0.013806261353974152
1777450802.8087196,0,0.9618703433213194,7.815113740500039,0.013806261353974152
1777450802.833756,0,0.9928984189123297,1.2410827816221173,0.013806261353974152
1777450802.8590636,0,0.8998141921392987,-3.6732608073444863,0.015617688605988245
1777450802.883827,0,1.02392649450334,5.012128963275027,0.014341085831462267
1777450802.9088173,0,1.02392649450334,0.0,0.014341085831462267
1777450802.9358835,0,1.148038796867381,4.580742386219071,0.014341085831462267
1777450802.958747,0,1.039440532298845,-4.74957910651362,0.009588123953263548
1777450802.9837558,0,1.0549545700943501,0.6204230583407715,0.010076441954448347
1777450803.0086992,0,1.0549545700943501,0.0,0.010076441954448347
1777450803.0337186,0,1.0549545700943501,0.0,0.010076441954448347
1777450803.0587418,0,1.0549545700943501,0.0,0.011918098416059593
1777450803.084174,0,1.0704686078898553,0.6099376737077581,0.0084789444934295
1777450803.1096447,0,1.0859826456853605,0.6091155013838917,0.0084789444934295
1777450803.1395943,0,0.9773843811168245,-3.6259105528718627,0.0072767520809888285
1777450803.1685224,0,1.1014966834808657,4.289885421598454,0.004021298739756828
1777450803.1958532,0,1.117010721276371,0.5674744327647756,0.004944452294377617
1777450803.214237,0,1.117010721276371,0.0,0.004944452294377617
1777450803.2337618,0,1.117010721276371,0.0,0.004944452294377617
1777450803.258736,0,1.117010721276371,0.0,0.0027144667556336967
1777450803.2837276,0,1.117010721276371,0.0,0.0015727327623873306
1777450803.3087142,0,1.117010721276371,0.0,0.0015727327623873306
1777450803.3337402,0,1.117010721276371,0.0,0.0005123851026717652
1777450803.3589454,0,1.02392649450334,-3.6927166378918606,0.0005123851026717652
1777450803.3847945,0,1.148038796867381,4.802966547227521,0.0005728435218660738
1777450803.4091237,0,1.1325247590718759,-0.6375531855994668,-0.0004433229853613434
1777450803.4338622,0,1.148038796867381,0.6271864171743465,-0.0004433229853613434
1777450803.4659848,0,1.1635528346628863,0.48291655187085547,-0.0017129497884418232
1777450803.483748,0,1.1635528346628863,0.0,-0.0017129497884418232
1777450803.5086997,0,1.2566370614359172,3.7264822438773577,-0.002652380609768772
1777450803.5339897,0,1.241123023640412,-0.6133931994932118,-0.0007549163765935492
1777450803.5596995,0,1.241123023640412,0.0,-0.0007549163765935492
1777450803.583937,0,1.1325247590718759,-4.48294525395025,-0.00556136070254108
1777450803.6087801,0,1.1325247590718759,0.0,-0.00556136070254108
1777450803.6431487,0,1.1325247590718759,0.0,-0.0064496343999343834
1777450803.6589525,0,1.241123023640412,6.867712072143856,-0.0064496343999343834
1777450803.6842153,0,1.117010721276371,-4.913583839148112,-0.004949800539152498
1777450803.7087078,0,1.117010721276371,0.0,-0.005163730330147744
1777450803.7337642,0,1.117010721276371,0.0,-0.005163730330147744
1777450803.7592638,0,1.117010721276371,0.0,-0.005163730330147744
1777450803.7942114,0,1.225608985844907,3.107414471479429,-0.005163730330147744
1777450803.811457,0,1.225608985844907,0.0,-0.005368358825882327
1777450803.833654,0,1.117010721276371,-4.864986974621307,-0.0038941035270672643
1777450803.8765275,0,1.117010721276371,0.0,-0.0038941035270672643
1777450803.892555,0,1.117010721276371,0.0,-0.003449966678370612
1777450803.908776,0,1.132524759071876,0.9568219562962405,-0.006563575266877504
1777450803.933722,0,1.2411230236404123,4.35354630276288,-0.006563575266877504
1777450803.958871,0,1.3342072504134432,3.703013683356704,-0.006563575266877504
1777450803.9837682,0,1.1170107212763711,-8.735815106593067,-0.0038103918697212982
1777450804.0086904,0,1.2256089858449073,4.34847572720118,-0.0036755230884416863
1777450804.0403259,0,1.2411230236404125,0.49061373873256164,-0.0032848686874938464
1777450804.061408,0,1.2411230236404125,0.0,-0.0032848686874938464
1777450804.0837345,0,1.085982645685361,-6.951317798698677,-0.0032848686874938464
1777450804.1088755,0,1.1480387968673815,2.467271722821714,-0.007126303630147607
1777450804.1347432,0,1.1480387968673815,0.0,-0.004524266280977172
1777450804.1651213,0,1.1325247590718763,-0.5106739923704757,-0.004524266280977172
1777450804.1837518,0,1.1325247590718763,0.0,-0.005512528902422602
1777450804.2106903,0,1.1480387968673815,0.5758204573411665,-0.004408000090218887
1777450804.2336922,0,1.1170107212763711,-1.3485713559544972,-0.004408000090218887
1777450804.2588506,0,1.1170107212763711,0.0,-0.002929094143773492
1777450804.287619,0,1.1170107212763711,0.0,-0.004191744975408475
1777450804.3086958,0,1.1170107212763711,0.0,-0.004191744975408475
1777450804.3337154,0,1.1170107212763711,0.0,-0.0036848243837023487
1777450804.3593297,0,1.1170107212763711,0.0,-0.0036848243837023487
1777450804.3931465,0,1.210094948049402,2.7459228226372403,-0.0037731866886786466
1777450804.408695,0,1.085982645685361,-7.983386900817526,-0.0037731866886786466
1777450804.4341457,0,1.1945809102538971,4.267363714039565,-0.0029569980295554806
1777450804.4595292,0,1.085982645685361,-4.278949135489611,-0.0032499888302663605
1777450804.4838815,0,1.085982645685361,0.0,-0.0032499888302663605
1777450804.5158076,0,1.179066872458392,2.9164597083046164,-0.006098510503844361
1777450804.5336745,0,1.179066872458392,0.0,-0.006098510503844361
1777450804.5596497,0,1.0704686078898558,-4.183028307875483,-0.0019524581414038919
1777450804.5980258,0,1.0704686078898558,0.0,-0.002157086637138475
1777450804.6103425,0,1.0704686078898558,0.0,-0.002157086637138475
1777450804.633695,0,1.1325247590718763,2.6573253747088157,-0.002157086637138475
1777450804.6590176,0,1.0394405322988454,-3.675404747340865,-0.004501013042825515
1777450804.6930645,0,1.0859826456853607,1.3672111299508711,-0.0019896633224465434
1777450804.7088695,0,1.0859826456853607,0.0,-0.0019896633224465434
1777450804.7358346,0,1.1790668724583917,3.4511358245103443,-0.004145238499105161
1777450804.7591238,0,1.0704686078898555,-4.66470178779552,-0.004145238499105161
1777450804.7838984,0,1.0704686078898555,0.0,-0.004145238499105161
1777450804.8094096,0,1.0704686078898555,0.0,-0.0022245210277782807
1777450804.8337982,0,1.0549545700943503,-0.6361445588659425,-0.0022245210277782807
1777450804.8635588,0,1.0549545700943503,0.0,-0.005793893084057653
1777450804.8838546,0,1.0549545700943503,0.0,-0.0024826319712616747
1777450804.9087415,0,1.0549545700943503,0.0,-0.0024826319712616747
1777450804.9351938,0,0.9463563055258143,-4.105289045567665,-0.005112573206214098
1777450804.9609053,0,1.0704686078898555,4.826568567273422,-0.005112573206214098
1777450804.9838123,0,1.0549545700943503,-0.6776210145149171,-0.004084780079910852
1777450805.0087304,0,1.0549545700943503,0.0,-0.006475212961901207
1777450805.0338178,0,1.0859826456853607,1.238119163974398,-0.006475212961901207
1777450805.058714,0,1.0859826456853607,0.0,-0.005135826444365755
1777450805.0864615,0,1.008412456707835,-2.795656858763618,-0.002559367657162143
1777450805.109188,0,1.1170107212763711,4.7781778226005915,-0.002559367657162143
1777450805.1337333,0,1.008412456707835,-4.424764775046814,-0.006014798846498396
1777450805.1587276,0,1.101496683480866,3.724811287205613,-0.006014798846498396
1777450805.1837952,0,0.9928984189123299,-4.332304239843152,-0.006014798846498396
1777450805.211645,0,1.101496683480866,3.898777158887864,-0.0035360036595317437
1777450805.2385101,0,1.101496683480866,0.0,-0.004819582405503217
1777450805.2589142,0,1.0704686078898555,-1.5208028322116163,-0.004819582405503217
1777450805.2858965,0,0.9618703433213195,-4.02511541292533,-0.0036987763265933435
1777450805.309248,0,1.0704686078898555,4.647946769588151,-0.0036987763265933435
1777450805.3337564,0,0.9928984189123298,-3.1658358850753356,-0.004115009289508006
1777450805.3587203,0,1.0704686078898555,3.1081608558632006,-0.002154761313323309
1777450805.3837645,0,1.0704686078898555,0.0,-0.0031686024967355606
1777450805.408693,0,1.0549545700943503,-0.6220778836144477,-0.0031686024967355606
1777450805.4338799,0,1.1635528346628865,4.312329686562675,-0.005198610187375229
1777450805.510213,0,1.1635528346628865,0.0,-0.0038499223745791147
1777450805.53546,0,1.0239264945033402,-5.5354624142135025,-0.006038052084650052
1777450805.5675848,0,1.1480387968673815,3.86241514690717,-0.007072821182398796
1777450805.5859468,0,1.1480387968673815,0.0,-0.004245227423157286
1777450805.610437,0,1.0394405322988454,-4.434759375648614,-0.004245227423157286
1777450805.6356592,0,1.0239264945033402,-0.615569216916775,-0.004245227423157286
1777450805.6636019,0,0.8998141921392989,-4.459677077751571,-0.00677750505787275
1777450805.6867402,0,1.008412456707835,4.67125561965818,-0.004435903976000875
1777450805.71043,-1.0,1.0704686078898555,2.6175078503137983,-0.002668657876474932
1777450805.7362266,-1.0,1.117010721276371,1.8062119242169115,-0.002668657876474932
1777450805.7607777,-1.0,0.9928984189123297,-5.0483409582868575,-0.002668657876474932
1777450805.787787,-1.0,0.9928984189123297,0.0,-0.0048567875865458705
1777450805.8127372,-1.0,1.117010721276371,4.971110279557551,-0.0048567875865458705
1777450805.839681,-1.0,0.9773843811168246,-5.191756429788265,-0.0031732531443658916
1777450805.860466,-1.0,0.9618703433213194,-0.744693699651386,-0.0031732531443658916
1777450805.8864827,-1.0,1.0704686078898555,4.173676047765329,-0.004105707994247343
1777450805.911044,-1.0,0.9618703433213195,-4.420985494252831,-0.0031244213442474123
1777450805.936341,-1.0,1.0549545700943503,3.680497975009481,-0.0037011016504085088
1777450805.9604702,-1.0,1.0549545700943503,0.0,-0.0037011016504085088
1777450805.9854872,-1.0,0.8998141921392988,-6.203225112188836,-0.004898643415218852
1777450806.0123203,-1.0,0.9618703433213195,2.311812654344636,-0.004898643415218852
1777450806.0355294,-1.0,0.8532720787527834,-4.681481807998902,-0.004898643415218852
1777450806.061564,-1.0,1.0549545700943503,7.745505889024299,-0.009726015655502875
1777450806.0855503,-1.0,0.9463563055258143,-4.528630014345345,-0.008733102386427116
1777450806.11044,-1.0,0.9618703433213195,0.6231084352223848,-0.008733102386427116
1777450806.1355166,-1.0,1.0549545700943503,3.712238473082482,-0.00949115795017114
1777450806.162051,-1.0,0.9308422677303091,-4.676753238774112,-0.009670207883938898
1777450806.1856225,-1.0,0.915328229934804,-0.6583360223170384,-0.009670207883938898
1777450806.2104323,-1.0,0.7912159275707628,-5.0020632867753205,-0.012014134289625939
1777450806.2355578,-1.0,0.8998141921392988,4.323298994598124,-0.012014134289625939
1777450806.260718,-1.0,0.915328229934804,0.6164322734164307,-0.012560585386189881
1777450806.2867196,-1.0,0.915328229934804,0.0,-0.013932526437137651
1777450806.3121324,-1.0,0.7757018897752577,-5.421394675546374,-0.013932526437137651
1777450806.3355196,-1.0,0.8687861165482886,3.9708262023232686,-0.013632559664981276
1777450806.3612134,-1.0,0.8377580409572783,-1.2076722923078342,-0.013632559664981276
1777450806.3856254,-1.0,0.8377580409572783,0.0,-0.014158082847208727
1777450806.4115586,-1.0,0.8067299653662681,-1.196612493459579,-0.013539546712374647
1777450806.4378164,-1.0,0.8222440031617732,0.5906326599725734,-0.013539546712374647
1777450806.4637535,-1.0,0.7912159275707629,-1.1961285781849316,-0.016376441766876818
1777450806.4954343,-1.0,0.7601878519797526,-0.9800451955605187,-0.016376441766876818
1777450806.5115838,-1.0,0.7601878519797526,0.0,-0.015390504469246556
1777450806.5400956,-1.0,0.7601878519797526,0.0,-0.015390504469246556
1777450806.560472,-1.0,0.6981317007977319,-3.0466612408389584,-0.015390504469246556
1777450806.5854356,-1.0,0.6981317007977319,0.0,-0.015390504469246556
1777450806.610847,-1.0,0.7912159275707629,3.664916405623118,-0.01754840496972034
1777450806.637193,-1.0,0.7601878519797526,-1.1767046561753092,-0.01658572091024173
1777450806.66414,-1.0,0.7291597763887423,-1.152120093872739,-0.01764374324614213
1777450806.6854954,-1.0,0.698131700797732,-1.4526793124412796,-0.01764374324614213
1777450806.7104714,-1.0,0.698131700797732,0.0,-0.01957608733654484
1777450806.7355015,-1.0,0.589533436229196,-4.337915445014611,-0.01957608733654484
1777450806.7611704,-1.0,0.5429913228426805,-1.8129721137266346,-0.017555380941165835
1777450806.7855947,-1.0,0.5119632472516702,-1.270488134444392,-0.013948803703843814
1777450806.8104284,-1.0,0.6050474740247012,3.7486298229592685,-0.013948803703843814
1777450806.8355508,-1.0,0.5585053606381857,-1.852754499639488,-0.013948803703843814
1777450806.8614647,-1.0,0.5585053606381857,0.0,-0.019006383001829243
1777450806.8869796,-1.0,0.5585053606381857,0.0,-0.020171370233227265
1777450806.9110694,-1.0,0.5119632472516702,-1.932043788492714,-0.020171370233227265
1777450806.9354734,-1.0,0.5119632472516702,0.0,-0.01458594242919922
1777450806.9627585,-1.0,0.38785094488762895,-4.547767251888837,-0.02088989529211347
1777450806.987204,-1.0,0.4654211338651547,3.1740822601210916,-0.020192298147563754
1777450807.0104566,-1.0,0.4654211338651547,0.0,-0.020192298147563754
1777450807.036388,-1.0,0.34130883150111346,-4.786582007767069,-0.018371569600289
1777450807.061315,-1.0,0.5274772850471754,7.716261568082035,-0.018371569600289
1777450807.085586,-1.0,0.387850944887629,-5.569204962499011,-0.021434021064862245
1777450807.1106231,-1.0,0.3568228692966187,-1.239557877547165,-0.021434021064862245
1777450807.136413,-1.0,0.31028075591010323,-1.8041586708580823,-0.02248971807694748
1777450807.1604466,-1.0,0.2482246047280826,-2.582012609639841,-0.02248971807694748
1777450807.185437,-1.0,0.2482246047280826,0.0,-0.018129735923511765
1777450807.2104526,-1.0,0.2792526803190929,1.2399239852101949,-0.018129735923511765
1777450807.2359073,-1.0,0.2327105669325774,-1.8287331011224237,-0.022412982391047016
1777450807.2606425,-1.0,0.2327105669325774,0.0,-0.023805851356331276
1777450807.2854486,-1.0,0.10859826456853618,-5.0025920511893025,-0.023805851356331276
1777450807.3104167,-1.0,0.24822460472808255,5.5924990645022445,-0.02242460901012284
1777450807.3356986,-1.0,0.13962634015954647,-4.295412529685117,-0.025433578026947273
1777450807.3643723,-1.0,0.093084226773031,-1.6232477327915797,-0.025433578026947273
1777450807.3856034,-1.0,0.04654211338651554,-2.191716130883318,-0.02246413951498066
1777450807.4105172,-1.0,0.1241123023640413,3.1139915765468578,-0.019304024450170456
1777450807.4362347,-1.0,0.03102807559101038,-3.6190539923158203,-0.019304024450170456
1777450807.4604638,-1.0,0.03102807559101038,0.0,-0.012348980919009801
1777450807.4855905,-1.0,-0.015514037795505073,-1.852279840075105,-0.005877604741403618
1777450807.5103984,-1.0,-0.031028075591010243,-0.6252398872122311,-0.005877604741403618
1777450807.5369127,-1.0,-0.04654211338651541,-0.5850882595139012,-0.006861216715218715
1777450807.5605366,-1.0,-0.04654211338651541,0.0,-0.006861216715218715
1777450807.5854192,-1.0,-0.13962634015954634,-3.735752987188123,-0.006861216715218715
1777450807.6105793,-1.0,-0.09308422677303087,1.8502433259294768,-0.0014083323686551147
1777450807.6368988,-1.0,-0.062056151182020555,1.1783347509047664,-0.0014083323686551147
1777450807.660506,-1.0,-0.046542113386515385,0.6579233267124205,-0.0014083323686551147
1777450807.6856146,-1.0,-0.12411230236404115,-3.0868108832856636,0.0006658564744727024
1777450807.7104187,-1.0,-0.12411230236404115,0.0,-0.00031543017552722915
1777450807.7355168,-1.0,-0.12411230236404115,0.0,-0.00031543017552722915
1777450807.7605324,-1.0,-0.09308422677303083,1.2402193908902448,0.00021474365433055376
1777450807.7857897,-1.0,-0.015514037795505045,3.0711348408913834,0.00021474365433055376
1777450807.81139,-1.0,-0.10859826456853598,-3.770678031050499,-0.00035728600420021207
1777450807.835571,-1.0,-0.031028075591010215,3.091004521358873,0.001142547856581674
1777450807.860701,-1.0,-0.031028075591010215,0.0,0.001142547856581674
1777450807.8854632,-1.0,-0.07757018897752568,-1.8787343593778545,0.002828407622576817
1777450807.9107487,-1.0,-0.12411230236404114,-1.8415683739659758,0.002828407622576817
1777450807.9363382,-1.0,-0.10859826456853597,0.6059616961729729,-0.000650276804911092
1777450807.9606493,-1.0,-0.10859826456853597,0.0,-0.000650276804911092
1777450807.987671,-1.0,1.1102230246251565e-16,4.005893580575072,0.00022869559722154805
1777450808.0104284,-1.0,1.1102230246251565e-16,0.0,0.00022869559722154805
1777450808.0354903,-1.0,-0.062056151182020514,-2.4763796845789376,0.00022869559722154805
1777450808.0604491,-1.0,-0.15514037795505145,-3.7304345033970394,-0.002905840905621835
1777450808.0854597,-1.0,-0.17065441575055662,-0.6201924397811526,-0.0006874819859537433
1777450808.11045,-1.0,-0.09308422677303085,3.1035652654646695,-0.0006874819859537433
1777450808.1361127,-1.0,-0.09308422677303085,0.0,-0.004842835643654875
1777450808.1844027,-1.0,-0.09308422677303085,0.0,-0.004842835643654875
1777450808.1973772,-1.0,-0.09308422677303085,0.0,-0.004842835643654875
1777450808.210456,-1.0,0.03102807559101038,9.493985633213102,-0.004842835643654875
1777450808.235853,-1.0,-0.06205615118202057,-3.6647100012299205,-0.002015241884413366
1777450808.262761,-1.0,-0.13962634015954634,-2.882980106060027,-0.004535892900053001
1777450808.2854173,-1.0,-0.1551403779550515,-0.68480220984665,-0.004535892900053001
1777450808.310717,-1.0,-0.1551403779550515,0.0,-0.004535892900053001
1777450808.33553,-1.0,-0.20168249134156696,-1.8755935083158664,-0.005093970615692772
1777450808.3635354,-1.0,-0.04654211338651543,5.5394783881293,-0.003212783649223709
1777450808.387801,-1.0,-0.21719652913707213,-7.034243667206091,-0.008626137490929494
1777450808.4104667,-1.0,-0.1551403779550515,2.7374227057134695,-0.008626137490929494
1777450808.4437282,-1.0,-0.1551403779550515,0.0,-0.008140144813559859
1777450808.4610262,-1.0,-0.1551403779550515,0.0,-0.008140144813559859
1777450808.4854636,-1.0,-0.21719652913707213,-2.538795215927838,-0.005821796969839641
1777450808.510616,-1.0,-0.21719652913707213,0.0,-0.005821796969839641
1777450808.5355468,-1.0,-0.18616845354606185,1.2442747204726636,-0.0069891095250528305
1777450808.5633278,-1.0,-0.2637386425235876,-2.7954887134011446,-0.008147120785005357
1777450808.5858314,-1.0,-0.20168249134156696,2.7529997686535914,-0.00800992667991058
1777450808.6129255,-1.0,-0.2792526803190927,-2.8633671334834654,-0.00800992667991058
1777450808.6357272,-1.0,-0.23271056693257725,2.0412168384536558,-0.004268480661308943
1777450808.66046,-1.0,-0.23271056693257725,0.0,-0.004268480661308943
1777450808.688891,-1.0,-0.24822460472808242,-0.5457751730481483,-0.007193738020787412
1777450808.7107937,0,-0.24822460472808242,0.0,-0.007193738020787412
1777450808.7356985,0,-0.32579479370560815,-3.0812564888029494,-0.011867638889270499
1777450808.7636461,0,-0.26373864252358753,2.2207066397685615,-0.00982135393192467
1777450808.7854362,0,-0.35682286929661844,-4.271685865019265,-0.00982135393192467
1777450808.817288,0,-0.4343930582741442,-2.435659451779039,-0.00982135393192467
1777450808.8377202,0,-0.31028075591010296,6.072071085776529,-0.0058566768270671265
1777450808.8603916,0,-0.3257947937056081,-0.6848959117320481,-0.0058566768270671265
1777450808.8858833,0,-0.3257947937056081,0.0,-0.0034453160307402805
1777450808.9104326,0,-0.2637386425235875,2.527454925398165,-0.0034453160307402805
1777450808.9355881,0,-0.2637386425235875,0.0,-0.0054404438641524645
1777450808.9704294,0,-0.34130883150111324,-2.22646242324774,-0.003912706117588589
1777450808.9955947,0,-0.3568228692966184,-0.6162454616054094,-0.003912706117588589
1777450809.0109046,0,-0.2792526803190926,5.06898736323428,-0.007465800907161801
1777450809.036236,0,-0.3568228692966184,-3.0625778124835716,-0.007465800907161801
1777450809.0604258,0,-0.4499070960696493,-3.8476746298514906,-0.0058473755318064645
1777450809.0865946,0,-0.32579479370560804,4.742322367265261,-0.0058473755318064645
1777450809.1104057,0,-0.2327105669325771,3.909474142260937,-0.005663674950408373
1777450809.1355593,0,-0.3878509448876286,-6.169348918391115,-0.008921453615455538
1777450809.1604218,0,-0.41887902047863895,-1.2474950783504626,-0.008921453615455538
1777450809.1854284,0,-0.3413088315011132,3.102943682194999,-0.007403017164152327
1777450809.2104626,0,-0.4343930582741441,-3.718000787466129,-0.006579852533583664
1777450809.2354684,0,-0.3878509448876286,1.8608610953396951,-0.006579852533583664
1777450809.2623432,0,-0.35682286929661833,1.1548805690373147,-0.006579852533583664
1777450809.2854197,0,-0.4343930582741441,-3.3613273057885613,-0.011928097308464806
1777450809.3105009,0,-0.46542113386515443,-1.2372598903234961,-0.011928097308464806
1777450809.3365638,0,-0.4033649826831338,2.3867510579933957,-0.0066356603051476405
1777450809.3635924,0,-0.4033649826831338,0.0,-0.007707634583939035
1777450809.3854327,0,-0.4033649826831338,0.0,-0.007707634583939035
1777450809.4109516,0,-0.35682286929661833,1.8243579371187297,-0.008847043253370237
1777450809.435516,0,-0.3723369070921235,-0.6312875041895157,-0.008847043253370237
1777450809.4605997,0,-0.4499070960696493,-3.0927674852106715,-0.008847043253370237
1777450809.4855874,0,-0.38785094488762867,2.4830890760274924,-0.007375113278370338
1777450809.5104535,0,-0.4809351716606596,-3.7441720900602324,-0.007375113278370338
1777450809.5354807,0,-0.41887902047863895,2.479564480926673,-0.0060752572656927045
1777450809.5649953,0,-0.38785094488762867,1.0506864968850815,-0.008744729005502945
1777450809.5854418,0,-0.418879020478639,-1.5187263722406894,-0.008744729005502945
1777450809.6106906,0,-0.51196324725167,-3.68612729487269,-0.006730998581569436
1777450809.635561,0,-0.44990709606964935,2.495588206059175,-0.010960762601355872
1777450809.660761,0,-0.4654211338651545,-0.622190898920842,-0.010960762601355872
1777450809.685663,0,-0.4654211338651545,0.0,-0.009288854778251721
1777450809.7198548,0,-0.620561511820206,-4.535484127820342,-0.009288854778251721
1777450809.7385762,0,-0.5429913228426803,4.14399014047779,-0.004989331044010314
1777450809.760997,0,-0.5740193984336905,-1.384495383607027,-0.004989331044010314
1777450809.785407,0,-0.6360755496157111,-2.542018547614597,-0.0068635420390338805
1777450809.8147151,0,-0.5895334362291956,1.588262636141498,-0.003670872440811355
1777450809.8355172,0,-0.5119632472516699,3.7284608868601707,-0.003670872440811355
1777450809.860466,0,-0.6050474740247008,-3.7300424638485787,-0.0008083988243423606
1777450809.886381,0,-0.6050474740247008,0.0,-0.0008083988243423606
1777450809.9104514,0,-0.6050474740247008,0.0,-0.003466243945076772
1777450809.9355533,0,-0.5119632472516699,3.707655549666965,-0.003466243945076772
1777450809.9608986,0,-0.5740193984336904,-2.4495319235008544,-0.006784481029318247
1777450809.992126,0,-0.5119632472516698,1.9864485200020898,-0.008474991442943721
1777450810.0104637,0,-0.5895334362291955,-4.231628045537448,-0.008474991442943721
1777450810.0354998,0,-0.5895334362291955,0.0,-0.005091645291877607
1777450810.0603983,0,-0.5740193984336904,0.6228698540412791,-0.005091645291877607
1777450810.0854228,0,-0.49644920945616466,3.100341657780965,-0.0020012899415223716
1777450810.1104558,0,-0.5895334362291956,-3.718992433783549,-0.0026221514001716177
1777450810.1355603,0,-0.5895334362291956,0.0,-0.0026221514001716177
1777450810.160469,0,-0.5895334362291956,0.0,-0.0024128722568067034
1777450810.185445,0,-0.7136457385932369,-4.964473156599474,-0.0024128722568067034
1777450810.2104363,0,-0.7912159275707626,-3.103387644834814,0.0006658564744727024
1777450810.2359576,0,-0.6205615118202059,6.688999874777801,0.002200570192482074
1777450810.2611039,0,-0.6205615118202059,0.0,0.002200570192482074
1777450810.2863548,0,-0.6826176630022265,-2.4562123180114352,-0.00022706787055093197
1777450810.3104317,0,-0.7601878519797522,-3.221412060845295,-0.00022706787055093197
1777450810.33959,0,-0.6671036252067213,3.192786770777874,-0.00022706787055093197
1777450810.360572,0,-0.636075549615711,1.4789274812059154,-0.00022706787055093197
1777450810.3902888,0,-0.6515895874112162,-0.522038964289862,0.0015680821147569996
1777450810.4104369,0,-0.6515895874112162,0.0,0.0018145664391645655
1777450810.4355042,0,-0.6515895874112162,0.0,0.0018145664391645655
1777450810.4614797,0,-0.729159776388742,-2.9889478733435513,7.52242254206109e-05
1777450810.4859283,0,-0.6515895874112162,3.1750115045835705,-0.0028291052197213663
1777450810.5104036,0,-0.6515895874112162,0.0,-0.0028291052197213663
1777450810.5357518,0,-0.6515895874112162,0.0,-0.0033523030781336524
1777450810.5615292,0,-0.6515895874112162,0.0,-0.002668657876474932
1777450810.5901082,0,-0.6515895874112162,0.0,-0.002668657876474932
1777450810.6103835,0,-0.6515895874112162,0.0,0.00264238171736356
1777450810.6355515,0,-0.5895334362291956,2.466172986113016,0.00264238171736356
1777450810.6635754,0,-0.6671036252067214,-2.7675245524382426,0.0030307107944962343
1777450810.685595,0,-0.5895334362291956,3.523080422193984,0.0030307107944962343
1777450810.7143464,0,-0.6515895874112162,-2.1589088031664523,-0.00029915290882106914
1777450810.735519,0,-0.5895334362291956,2.9301177882174243,-0.0021942918181811263
1777450810.7604623,0,-0.5274772850471751,2.4881450269800287,-0.0021942918181811263
1777450810.7860792,0,-0.5274772850471751,0.0,-0.001961759436664555
1777450810.8104384,0,-0.6360755496157111,-4.45806754693382,0.0015192503146385194
1777450810.8355055,0,-0.5895334362291956,1.8568077801024927,0.0015192503146385194
1777450810.8604457,0,-0.6515895874112162,-2.4883353230595673,0.002249401992600554
1777450810.8854556,0,-0.5740193984336904,3.101612556094418,0.002249401992600554
1777450810.91046,0,-0.6050474740247007,-1.2408106247251907,0.002249401992600554
1777450810.9356856,0,-0.636075549615711,-1.2299864996047232,0.002249401992600554
1777450810.9605281,0,-0.6826176630022265,-1.8744228944789993,-0.003615064669247378
1777450810.985527,0,-0.6205615118202059,2.4814792938064048,-0.003615064669247378
1777450811.0104475,0,-0.6205615118202059,0.0,-0.002017567208228532
1777450811.035497,0,-0.6205615118202059,0.0,-0.002017567208228532
1777450811.0644348,0,-0.5585053606381853,2.1449957404350757,0.002530766174235606
1777450811.089495,0,-0.6826176630022266,-4.952476655897592,0.0014773944859655364
1777450811.1104553,0,-0.6360755496157111,2.220460357680889,0.0014773944859655364
1777450811.135417,0,-0.6981317007977317,-2.4857213007931716,-0.0030058298296739604
1777450811.1650589,0,-0.6981317007977317,0.0,-0.0012478850254086806
1777450811.1939166,0,-0.6981317007977317,0.0,-0.0012478850254086806
1777450811.2105348,0,-0.6826176630022265,0.934398695872118,0.0020959306207996168
1777450811.2356014,0,-0.6205615118202059,2.4735791221416377,0.0022773058783825424
1777450811.2699564,0,-0.6826176630022265,-1.8066256437961408,0.0022773058783825424
1777450811.285465,0,-0.6826176630022265,0.0,-0.004517290309531675
1777450811.3104439,0,-0.744673814184247,-2.484084397092516,-0.004517290309531675
1777450811.335492,0,-0.636075549615711,4.334901742290048,0.0003798416452073195
1777450811.3604314,0,-0.636075549615711,0.0,0.0033283522428374456
1777450811.3854728,0,-0.636075549615711,0.0,0.0019912910491171596
1777450811.410413,0,-0.636075549615711,0.0,0.0019912910491171596
1777450811.435539,0,-0.636075549615711,0.0,0.0019912910491171596
1777450811.4684465,0,-0.6981317007977316,-1.8859400858429254,-0.0033313751637971604
1777450811.4860034,0,-0.7757018897752573,-4.4190554011435275,-0.0033313751637971604
1777450811.5108256,0,-0.6671036252067213,4.374661552164013,-0.0017013231693659946
1777450811.5355191,0,-0.6515895874112161,0.6281005683629999,0.001068137494496371
1777450811.5645425,0,-0.6360755496157109,0.5347022538464064,0.001068137494496371
1777450811.5854294,0,-0.5895334362291954,2.2278853751970438,0.004393350550183343
1777450811.6104493,0,-0.5895334362291954,0.0,0.004393350550183343
1777450811.6380339,0,-0.6826176630022263,-3.373106152186949,-0.000982798110479789
1777450811.6608052,0,-0.6205615118202057,2.761645886188223,-0.0031593012014748977
1777450811.6866808,0,-0.6205615118202057,0.0,-0.0013711271876124635
